CnID,Email,Cell,Tel,Street,State
1,user1@example.com,1234560001,555-0001,Street 1,17
2,user2@example.com,1234560002,555-0002,Street 2,18
3,user3@example.com,1234560003,555-0003,Street 3,16
4,user4@example.com,1234560004,555-0004,Street 4,19
5,user5@example.com,1234560005,555-0005,Street 5,4
6,user6@example.com,1234560006,555-0006,Street 6,13
7,user7@example.com,1234560007,555-0007,Street 7,20
8,user8@example.com,1234560008,555-0008,Street 8,1
9,user9@example.com,1234560009,555-0009,Street 9,4
10,user10@example.com,1234560010,555-0010,Street 10,18
11,user11@example.com,1234560011,555-0011,Street 11,19
12,user12@example.com,1234560012,555-0012,Street 12,18
13,user13@example.com,1234560013,555-0013,Street 13,11
14,user14@example.com,1234560014,555-0014,Street 14,15
15,user15@example.com,1234560015,555-0015,Street 15,12
16,user16@example.com,1234560016,555-0016,Street 16,11
17,user17@example.com,1234560017,555-0017,Street 17,16
18,user18@example.com,1234560018,555-0018,Street 18,1
19,user19@example.com,1234560019,555-0019,Street 19,13
20,user20@example.com,1234560020,555-0020,Street 20,7
21,user21@example.com,1234560021,555-0021,Street 21,13
22,user22@example.com,1234560022,555-0022,Street 22,2
23,user23@example.com,1234560023,555-0023,Street 23,6
24,user24@example.com,1234560024,555-0024,Street 24,9
25,user25@example.com,1234560025,555-0025,Street 25,5
26,user26@example.com,1234560026,555-0026,Street 26,13
27,user27@example.com,1234560027,555-0027,Street 27,2
28,user28@example.com,1234560028,555-0028,Street 28,6
29,user29@example.com,1234560029,555-0029,Street 29,15
30,user30@example.com,1234560030,555-0030,Street 30,14
31,user31@example.com,1234560031,555-0031,Street 31,6
32,user32@example.com,1234560032,555-0032,Street 32,8
33,user33@example.com,1234560033,555-0033,Street 33,2
34,user34@example.com,1234560034,555-0034,Street 34,3
35,user35@example.com,1234560035,555-0035,Street 35,1
36,user36@example.com,1234560036,555-0036,Street 36,11
37,user37@example.com,1234560037,555-0037,Street 37,1
38,user38@example.com,1234560038,555-0038,Street 38,19
39,user39@example.com,1234560039,555-0039,Street 39,6
40,user40@example.com,1234560040,555-0040,Street 40,2
41,user41@example.com,1234560041,555-0041,Street 41,19
42,user42@example.com,1234560042,555-0042,Street 42,13
43,user43@example.com,1234560043,555-0043,Street 43,11
44,user44@example.com,1234560044,555-0044,Street 44,6
45,user45@example.com,1234560045,555-0045,Street 45,1
46,user46@example.com,1234560046,555-0046,Street 46,6
47,user47@example.com,1234560047,555-0047,Street 47,2
48,user48@example.com,1234560048,555-0048,Street 48,17
49,user49@example.com,1234560049,555-0049,Street 49,20
50,user50@example.com,1234560050,555-0050,Street 50,1
51,user51@example.com,1234560051,555-0051,Street 51,1
52,user52@example.com,1234560052,555-0052,Street 52,5
53,user53@example.com,1234560053,555-0053,Street 53,5
54,user54@example.com,1234560054,555-0054,Street 54,13
55,user55@example.com,1234560055,555-0055,Street 55,8
56,user56@example.com,1234560056,555-0056,Street 56,19
57,user57@example.com,1234560057,555-0057,Street 57,7
58,user58@example.com,1234560058,555-0058,Street 58,17
59,user59@example.com,1234560059,555-0059,Street 59,5
60,user60@example.com,1234560060,555-0060,Street 60,2
61,user61@example.com,1234560061,555-0061,Street 61,20
62,user62@example.com,1234560062,555-0062,Street 62,6
63,user63@example.com,1234560063,555-0063,Street 63,7
64,user64@example.com,1234560064,555-0064,Street 64,6
65,user65@example.com,1234560065,555-0065,Street 65,5
66,user66@example.com,1234560066,555-0066,Street 66,1
67,user67@example.com,1234560067,555-0067,Street 67,16
68,user68@example.com,1234560068,555-0068,Street 68,18
69,user69@example.com,1234560069,555-0069,Street 69,7
70,user70@example.com,1234560070,555-0070,Street 70,13
71,user71@example.com,1234560071,555-0071,Street 71,20
72,user72@example.com,1234560072,555-0072,Street 72,14
73,user73@example.com,1234560073,555-0073,Street 73,5
74,user74@example.com,1234560074,555-0074,Street 74,18
75,user75@example.com,1234560075,555-0075,Street 75,5
76,user76@example.com,1234560076,555-0076,Street 76,6
77,user77@example.com,1234560077,555-0077,Street 77,6
78,user78@example.com,1234560078,555-0078,Street 78,11
79,user79@example.com,1234560079,555-0079,Street 79,20
80,user80@example.com,1234560080,555-0080,Street 80,19
81,user81@example.com,1234560081,555-0081,Street 81,12
82,user82@example.com,1234560082,555-0082,Street 82,14
83,user83@example.com,1234560083,555-0083,Street 83,9
84,user84@example.com,1234560084,555-0084,Street 84,12
85,user85@example.com,1234560085,555-0085,Street 85,17
86,user86@example.com,1234560086,555-0086,Street 86,14
87,user87@example.com,1234560087,555-0087,Street 87,15
88,user88@example.com,1234560088,555-0088,Street 88,12
89,user89@example.com,1234560089,555-0089,Street 89,4
90,user90@example.com,1234560090,555-0090,Street 90,3
91,user91@example.com,1234560091,555-0091,Street 91,9
92,user92@example.com,1234560092,555-0092,Street 92,5
93,user93@example.com,1234560093,555-0093,Street 93,6
94,user94@example.com,1234560094,555-0094,Street 94,9
95,user95@example.com,1234560095,555-0095,Street 95,9
96,user96@example.com,1234560096,555-0096,Street 96,20
97,user97@example.com,1234560097,555-0097,Street 97,9
98,user98@example.com,1234560098,555-0098,Street 98,6
99,user99@example.com,1234560099,555-0099,Street 99,9
100,user100@example.com,1234560100,555-0100,Street 100,16
