PsID,Name,Address,Age,Nationality,Contacts
1,Passenger1,Address 1,60,Country3,100
2,Passenger2,Address 2,28,Country3,93
3,Passenger3,Address 3,43,Country3,99
4,Passenger4,Address 4,21,Country3,87
5,Passenger5,Address 5,38,Country5,50
6,Passenger6,Address 6,57,Country4,90
7,Passenger7,Address 7,36,Country4,43
8,Passenger8,Address 8,46,Country3,39
9,Passenger9,Address 9,51,Country3,77
10,Passenger10,Address 10,62,Country1,76
11,Passenger11,Address 11,65,Country4,67
12,Passenger12,Address 12,18,Country4,83
13,Passenger13,Address 13,25,Country4,88
14,Passenger14,Address 14,53,Country3,45
15,Passenger15,Address 15,20,Country5,51
16,Passenger16,Address 16,45,Country4,95
17,Passenger17,Address 17,26,Country3,97
18,Passenger18,Address 18,32,Country5,23
19,Passenger19,Address 19,46,Country1,90
20,Passenger20,Address 20,47,Country5,27
21,Passenger21,Address 21,51,Country3,87
22,Passenger22,Address 22,36,Country1,71
23,Passenger23,Address 23,37,Country1,69
24,Passenger24,Address 24,60,Country5,28
25,Passenger25,Address 25,20,Country1,79
26,Passenger26,Address 26,25,Country3,68
27,Passenger27,Address 27,58,Country5,64
28,Passenger28,Address 28,31,Country2,23
29,Passenger29,Address 29,32,Country1,66
30,Passenger30,Address 30,34,Country3,38
31,Passenger31,Address 31,41,Country4,40
32,Passenger32,Address 32,25,Country5,59
33,Passenger33,Address 33,41,Country3,49
34,Passenger34,Address 34,20,Country4,69
35,Passenger35,Address 35,37,Country3,25
36,Passenger36,Address 36,41,Country1,39
37,Passenger37,Address 37,53,Country4,84
38,Passenger38,Address 38,19,Country3,62
39,Passenger39,Address 39,59,Country4,70
40,Passenger40,Address 40,37,Country2,44
41,Passenger41,Address 41,50,Country3,8
42,Passenger42,Address 42,59,Country5,5
43,Passenger43,Address 43,46,Country5,73
44,Passenger44,Address 44,26,Country3,22
45,Passenger45,Address 45,19,Country1,11
46,Passenger46,Address 46,41,Country4,48
47,Passenger47,Address 47,49,Country3,49
48,Passenger48,Address 48,53,Country1,7
49,Passenger49,Address 49,53,Country4,93
50,Passenger50,Address 50,19,Country1,66
51,Passenger51,Address 51,58,Country5,6
52,Passenger52,Address 52,31,Country1,78
53,Passenger53,Address 53,33,Country3,75
54,Passenger54,Address 54,55,Country3,72
55,Passenger55,Address 55,48,Country4,85
56,Passenger56,Address 56,51,Country2,75
57,Passenger57,Address 57,32,Country3,41
58,Passenger58,Address 58,35,Country2,4
59,Passenger59,Address 59,44,Country1,4
60,Passenger60,Address 60,23,Country3,97
61,Passenger61,Address 61,63,Country5,99
62,Passenger62,Address 62,40,Country5,23
63,Passenger63,Address 63,49,Country3,78
64,Passenger64,Address 64,23,Country2,44
65,Passenger65,Address 65,55,Country2,52
66,Passenger66,Address 66,56,Country5,11
67,Passenger67,Address 67,21,Country4,65
68,Passenger68,Address 68,33,Country4,100
69,Passenger69,Address 69,22,Country1,69
70,Passenger70,Address 70,64,Country3,24
71,Passenger71,Address 71,48,Country2,91
72,Passenger72,Address 72,62,Country1,93
73,Passenger73,Address 73,29,Country1,1
74,Passenger74,Address 74,34,Country4,6
75,Passenger75,Address 75,19,Country5,61
76,Passenger76,Address 76,55,Country2,16
77,Passenger77,Address 77,32,Country5,45
78,Passenger78,Address 78,47,Country2,68
79,Passenger79,Address 79,49,Country5,23
80,Passenger80,Address 80,39,Country3,39
81,Passenger81,Address 81,63,Country3,29
82,Passenger82,Address 82,40,Country4,92
83,Passenger83,Address 83,31,Country2,58
84,Passenger84,Address 84,61,Country4,71
85,Passenger85,Address 85,57,Country4,11
86,Passenger86,Address 86,29,Country2,79
87,Passenger87,Address 87,35,Country5,89
88,Passenger88,Address 88,60,Country4,64
89,Passenger89,Address 89,19,Country3,87
90,Passenger90,Address 90,22,Country5,59
91,Passenger91,Address 91,47,Country2,35
92,Passenger92,Address 92,38,Country4,79
93,Passenger93,Address 93,48,Country2,78
94,Passenger94,Address 94,25,Country4,80
95,Passenger95,Address 95,26,Country3,3
96,Passenger96,Address 96,45,Country1,72
97,Passenger97,Address 97,34,Country1,96
98,Passenger98,Address 98,43,Country3,70
99,Passenger99,Address 99,54,Country1,72
100,Passenger100,Address 100,21,Country1,65
